{
	"format_version": "1.8.0",
	"animations": {
		"animation.lootbox_ultimate_stand": {
			"loop": true,
			"animation_length": 9,
			"bones": {
				"box": {
					"rotation": {
						"0.0": [0, 0, 0],
						"0.25": [0, 0, 5],
						"0.5833": [0, 0, 0],
						"4.4167": [0, 0, 0],
						"4.625": [-4.99527, -0.21782, -2.4905],
						"4.8333": [0, 0, 0]
					},
					"scale": {
						"0.0": [1, 1, 1],
						"0.0833": [1.1, 0.9, 1.1],
						"0.3333": [0.9, 1.1, 0.9],
						"0.5833": [1, 1, 1],
						"4.4167": [1, 1, 1],
						"4.5": [1.1, 0.9, 1.1],
						"4.75": [0.9, 1.1, 0.9],
						"5.0": [1, 1, 1]
					}
				},
				"top": {
					"rotation": {
						"0.0": [0, 0, 0],
						"0.1667": [-5, 0, 0],
						"0.3333": [0, 0, 0],
						"1.2083": [0, 0, 0],
						"1.375": [-5, 0, 0],
						"1.5417": [0, 0, 0],
						"2.375": [0, 0, 0],
						"2.5417": [-5, 0, 0],
						"2.7083": [0, 0, 0]
					}
				},
				"holo": {
					"scale": {
						"0.0": [1, 0.7, 1],
						"1.7083": [1, 0.3, 1],
						"9.0": [1, 0.7, 1]
					}
				},
				"projection": {
					"rotation": {
						"0.0": [0, 0, 0],
						"9.0": [0, -359, 0]
					},
					"position": {
						"0.0": [0, 0, 0],
						"1.7083": [0, 3, 0],
						"9.0": [0, 0, 0]
					}
				},
				"titile": {
					"rotation": {
						"0.0": [0, 0, 0],
						"9.0": [0, 359, 0]
					},
					"scale": {
						"0.0": [1, 1, 1],
						"4.4167": [1, 0.8, 1],
						"9.0": [1, 1, 1]
					}
				}
			}
		}
	}
}