{
	"format_version": "1.8.0",
	"animations": {
		"animation.machine_casino.casino_idle": {
			"loop": true,
			"animation_length": 1,
			"bones": {
				"bone": {
					"rotation": {
						"0.0": [0, 0, 0],
						"0.2917": [0, 0, 0.5],
						"0.6667": [0, 0, -0.5],
						"1.0": [0, 0, 0]
					},
					"scale": {
						"0.0": [1, 1, 1],
						"0.5": [1.01, 1.01, 1.01],
						"1.0": [1, 1, 1]
					}
				},
				"manette": {
					"rotation": {
						"0.0": [0, 0, 0],
						"0.5": [-2.5, 0, 0],
						"1.0": [0, 0, 0]
					}
				},
				"roue": {
					"rotation": {
						"0.0": [180, 0, 0],
						"1.0": [539, 0, 0]
					}
				},
				"roue2": {
					"rotation": {
						"0.0": [0, 0, 0],
						"1.0": [359, 0, 0]
					}
				},
				"roue3": {
					"rotation": {
						"0.0": [90, 0, 0],
						"1.0": [449, 0, 0]
					}
				}
			}
		},
		"animation.machine_casino.casino_run_win": {
			"animation_length": 5.54167,
			"bones": {
				"bone": {
					"rotation": {
						"0.0": [0, 0, 0],
						"0.8333": [0, 0, 0.5],
						"1.8333": [0, 0, -0.5],
						"2.7917": [0, 0, 0],
						"3.0": [0, 0, 0],
						"3.1667": [0, 0, 2],
						"3.3333": [0, 0, -2],
						"3.5": [0, 0, 0],
						"3.625": [0, 0, 0],
						"3.7917": [0, 0, 2],
						"3.9583": [0, 0, -2],
						"4.125": [0, 0, 0],
						"4.2083": [0, 0, 0],
						"4.375": [0, 0, 2],
						"4.5417": [0, 0, -2],
						"4.7083": [0, 0, 0]
					},
					"scale": {
						"0.0": [1, 1, 1],
						"1.375": [1.01, 1.01, 1.01],
						"2.7917": [1, 1, 1],
						"3.0": [1, 1, 1],
						"3.25": [1.01, 1.05, 1.01],
						"3.5": [1, 1, 1],
						"3.625": [1, 1, 1],
						"3.875": [1.01, 1.05, 1.01],
						"4.125": [1, 1, 1],
						"4.2083": [1, 1, 1],
						"4.4583": [1.01, 1.05, 1.01],
						"4.7083": [1, 1, 1]
					}
				},
				"manette": {
					"rotation": {
						"0.0": [-92.5, 0, 0],
						"0.375": [0, 0, 0]
					}
				},
				"roue": {
					"rotation": {
						"0.0": [180, 0, 0],
						"2.9167": ["539*2", 0, 0]
					}
				},
				"roue2": {
					"rotation": {
						"0.0": [0, 0, 0],
						"2.5": ["359*2", 0, 0]
					}
				},
				"roue3": {
					"rotation": {
						"0.0": [90, 0, 0],
						"2.4583": [1080.5, 0, 0]
					}
				}
			}
		},
		"animation.machine_casino.casino_run_loose": {
			"animation_length": 9.95833,
			"bones": {
				"bone": {
					"rotation": {
						"0.0": [0, 0, 0],
						"0.875": [0, 0, 0.5],
						"1.875": [0, 0, -0.5],
						"2.8333": [0, 0, 0]
					},
					"scale": {
						"0.0": [1, 1, 1],
						"1.4167": [1.01, 1.01, 1.01],
						"2.8333": [1, 1, 1]
					}
				},
				"manette": {
					"rotation": {
						"0.0": [-92.5, 0, 0],
						"0.375": [0, 0, 0]
					}
				},
				"roue": {
					"rotation": {
						"0.0": [180, 0, 0],
						"1.875": [539, 0, 0],
						"1.9167": [180, 0, 0],
						"5.2083": [539, 0, 0]
					}
				},
				"roue2": {
					"rotation": {
						"0.0": [0, 0, 0],
						"1.875": [359, 0, 0],
						"1.9167": [0, 0, 0],
						"4.375": [359, 0, 0]
					}
				},
				"roue3": {
					"rotation": {
						"0.0": [90, 0, 0],
						"1.875": [449, 0, 0],
						"1.9167": [90, 0, 0],
						"3.5417": [449, 0, 0]
					}
				}
			}
		}
	}
}